,Title,Conditions,Sponsor/Collaborators,Start Date,Locations,URL
0,Mental Activity During (TMS) Therapy for Depression,Cognitive Impairment,"Augusta University|Lumos Labs, Inc.","March 6, 2015","Augusta University, Augusta, Georgia, United States",https://ClinicalTrials.gov/show/NCT03701932
1,Durability and Impact of the Seasonal Influenza Vaccine on H5 Induced B Cell Response,Influenza A Subtype H5N1 Infection,Emory University|National Institute of Allergy and Infectious Diseases (NIAID),October 2018,"The Hope Clinic of Emory University, Decatur, Georgia, United States",https://ClinicalTrials.gov/show/NCT03701061
7,Youth Engagement Study: Intervention to Increase HIV Treatment Engagement and Adherence for Young People Living With HIV,HIV/AIDS,University of Connecticut|Mercer University,"July 1, 2017","Southeast HIV/AIDS Research & Evaluation Project, Atlanta, Georgia, United States",https://ClinicalTrials.gov/show/NCT03665532
9,"A Phase 2, Multicenter, Randomized, Double-blind, Placebo-controlled Study to Evaluate the Efficacy, Safety, and Tolerability of TAK-935 (OV935) as an Adjunctive Therapy in Pediatric Patients With Developmental and/or Epileptic Encephalopathies",Epilepsy|Dravet Syndrome|Lennox-Gastaut Syndrome,Takeda|Ovid Therapeutics,"August 8, 2018","Center for Rare Neurological Diseases, Norcross, Georgia, United States",https://ClinicalTrials.gov/show/NCT03650452
12,Music Therapy With Intubated and Sedated Pediatric Patients,Respiratory Syncytial Virus Infections,Children's Healthcare of Atlanta,"January 16, 2018","Children's Healthcare of Atlanta, Atlanta, Georgia, United States",https://ClinicalTrials.gov/show/NCT03629145
14,Gabapentin Premedication to Reduce Postoperative Pain for Pediatric Tonsillectomy,Tonsillitis|Tonsillectomy,Children's Healthcare of Atlanta,"July 31, 2018","Children's Healthcare of Atlanta, Atlanta, Georgia, United States",https://ClinicalTrials.gov/show/NCT03625011
16,A Sleep Intervention (SLEEP-Extend) for Young Adults At-Risk for Type 2 Diabetes,"Diabetes Mellitus, Type 2",Emory University|National Institute of Diabetes and Digestive and Kidney Diseases (NIDDK),September 2018,"Emory University, Atlanta, Georgia, United States",https://ClinicalTrials.gov/show/NCT03616171
19,Long Term Comparative Effectiveness of Once Weekly Semaglutide Versus Standard of Care in a Real World Adult US Population With Type 2 Diabetes - a Randomized Pragmatic Trial,"Diabetes Mellitus, Type 2",Novo Nordisk A/S,"July 13, 2018","Novo Nordisk Investigational Site, Statesboro, Georgia, United States",https://ClinicalTrials.gov/show/NCT03596450
23,Adiposity and Endothelin Receptor Function,Hypertension,"Augusta University|National Heart, Lung, and Blood Institute (NHLBI)","May 21, 2018","Georgia Prevention Institute/ Laboratory of Integrative and Exercise Physiology, Augusta, Georgia, United States",https://ClinicalTrials.gov/show/NCT03583866
25,Weight Loss Aid in an Exposed Population,Polybrominated Biphenyl Poisoning,Emory University|Healthway Compounding Pharmacy in central Michigan|Michigan Public Health Departments,"September 14, 2018","Michele Marcus, Atlanta, Georgia, United States",https://ClinicalTrials.gov/show/NCT03582722
30,Improving Health-Promoting Behaviors in Adolescent Cancer Survivors Using AWAKE: A Feasibility Trial,Health Behavior,Emory University,"June 20, 2018","Children's Healthcare of Atlanta, Atlanta, Georgia, United States",https://ClinicalTrials.gov/show/NCT03564587
31,Cognitive Behavioral Therapy for African Americans With Uncontrolled Type-2 Diabetes,"Diabetes Mellitus, Type 2",Emory University|National Institute of Diabetes and Digestive and Kidney Diseases (NIDDK),October 2018,"Emory Dunwoody Clinic, Atlanta, Georgia, United States",https://ClinicalTrials.gov/show/NCT03562767
32,The Effects of Contact Lenses With Experimental Dye on Visual Function,Ametropia,"Johnson & Johnson Vision Care, Inc.","May 15, 2018","Georgia Center for Sight, Statesboro, Georgia, United States",https://ClinicalTrials.gov/show/NCT03556579
36,Evaluating the Effects of Propofol vs. Dexmedetomidine,Sedative Adverse Reaction,Children's Healthcare of Atlanta|Morehouse School of Medicine,"July 24, 2018","Children's Healthcare of Atlanta, Atlanta, Georgia, United States",https://ClinicalTrials.gov/show/NCT03552146
40,Effect of DASH Eating Pattern on Heart Failure Outcomes,Heart Failure NYHA Class III,University of Georgia|Emory University,June 2018,"University of Georgia Clinical and Translational Research Unit, Athens, Georgia, United States",https://ClinicalTrials.gov/show/NCT03538990
42,Rifaximin for Infection Prophylaxis in Hematopoietic Stem Cell Transplantation,Microbial Colonization,Emory University,"July 18, 2018","Children's Healthcare of Atlanta, Atlanta, Georgia, United States",https://ClinicalTrials.gov/show/NCT03529825
46,"Prospective Psychometric Evaluation Study of a Patient-reported Outcomes (PRO) Instrument for Congenital Thrombotic Thrombocytopenic Purpura (cTTP, Upshaw-Schulman Syndrome [USS], Hereditary Thrombotic Thrombocytopenic Purpura [hTTP]",Congenital Thrombotic Thrombocytopenic Purpura,Baxalta now part of Shire|Shire,"July 12, 2018","AutoCruitment, Atlanta, Georgia, United States",https://ClinicalTrials.gov/show/NCT03519672
48,Sleep-Safe: A Strong African American Families Study,Weight Gain,University of Georgia|Augusta University|National Institute of Diabetes and Digestive and Kidney Diseases (NIDDK),"March 4, 2018","University of Georgia, Athens, Georgia, United States",https://ClinicalTrials.gov/show/NCT03505203
49,Spironolactone & RAAS: Effect on Urinary Proteinuria & Mean Epidermal Growth Factor Receptor,"Renal Insufficiency, Chronic|Diabetic Nephropathy Type 2","NephroNet, Inc.","March 1, 2018","NephroNet, Buford, Georgia, United States",https://ClinicalTrials.gov/show/NCT03502031
50,Evaluation of Human Immune Responses to Influenza Virus Vaccination in Patients With Lymphoma,Chronic Lymphocytic Leukemia|Diffuse Large B-Cell Lymphoma|Follicular Lymphoma|Mantle Cell Lymphoma|Mature T-Cell and NK-Cell Non-Hodgkin Lymphoma,Emory University,"April 6, 2018","Emory University Hospital/Winship Cancer Institute, Atlanta, Georgia, United States",https://ClinicalTrials.gov/show/NCT03501576
51,Meditation for Pain,Chronic Pain,Emory University,"June 5, 2018","Emory University Hospital, Atlanta, Georgia, United States",https://ClinicalTrials.gov/show/NCT03495726
52,Fludeoxyglucose F-18-PET in Planning Lung Cancer Radiation Therapy,Stage I Lung Cancer|Stage I Non-Small Cell Lung Cancer AJCC v7|Stage IA Non-Small Cell Lung Carcinoma AJCC v7|Stage IB Non-Small Cell Lung Carcinoma AJCC v7|Stage II Lung Cancer|Stage II Non-Small Cell Lung Cancer AJCC v7|Stage IIA Non-Small Cell Lung Carcinoma AJCC v7|Stage IIB Non-Small Cell Lung Carcinoma AJCC v7,Emory University|RefleXion Medical,"April 13, 2018","Emory University Hospital/Winship Cancer Institute, Atlanta, Georgia, United States",https://ClinicalTrials.gov/show/NCT03493789
53,"Effect of Vibration on Muscle Properties, Physical Activity and Balance in Children With Cerebral Palsy","Cerebral Palsy, Spastic",University of Georgia|Emory University,"November 2, 2018","University of Georgia, Athens, Georgia, United States",https://ClinicalTrials.gov/show/NCT03484078
54,Smartphone-Enabled Supervised Exercise Therapy for the Treatment of Symptomatic Peripheral Arterial Disease,Peripheral Arterial Disease,Emory University|Woodruff Health Sciences Center Foundation,"August 24, 2018","Grady Health System (non-CRN), Atlanta, Georgia, United States",https://ClinicalTrials.gov/show/NCT03479255
56,Effect of Ketorolac on Post Adenotonsillectomy Pain,Obstructive Sleep Apnea,Emory University,"July 19, 2018","Childrens Healthcare of Atlanta, Atlanta, Georgia, United States",https://ClinicalTrials.gov/show/NCT03467750
57,Innovative Gait Biofeedback Strategies for Stroke Rehabilitation,"Stroke, Cardiovascular|Gait, Hemiplegic",Emory University,"March 22, 2018","Emory Univeristy, Atlanta, Georgia, United States",https://ClinicalTrials.gov/show/NCT03466372
59,"Compassion Meditation and ReliefLink App for Suicidal, Low-Income, African Americans",Suicidal Ideation,Emory University,"May 13, 2010","Grady Health System (non-CRN), Atlanta, Georgia, United States",https://ClinicalTrials.gov/show/NCT03463980
60,GPR109A and Parkinson's Disease: Role of Niacin in Outcome Measures,Parkinson's Disease,VA Office of Research and Development,"September 28, 2016","Charlie Norwood VA Medical Center, Augusta, GA, Augusta, Georgia, United States",https://ClinicalTrials.gov/show/NCT03462680
62,Achilles Tendinopathy Shear Wave Elastography Study,Achilles Tendinopathy,Emory University,"February 27, 2018","Emory Orthopaedics and Spine Center, Atlanta, Georgia, United States",https://ClinicalTrials.gov/show/NCT03456778
65,Contemplative Well-being Apps for the Workplace,Social Behavior|Depression|Inflammation,Emory University,"June 6, 2016","Emory University, Wesley Woods Health Center, Atlanta, Georgia, United States",https://ClinicalTrials.gov/show/NCT03452670
66,Chemotherapy-Induced Peripheral Neuropathy-Essential Oil Intervention,Breast Cancer|Peripheral Neuropathies,Augusta University|American Holistic Nurses Association|American Nurses Foundation|Ananda Apothecary|The Jojoba Company,"June 25, 2018","Augusta University, Augusta, Georgia, United States",https://ClinicalTrials.gov/show/NCT03449303
68,Living Well With a Disability Curriculum Adaptation Evaluation Plan,Health Education|Community Health Services|Health Services for Persons With Disabilities|Developmental Disabilities,Georgia Southern University,"March 24, 2018","B and B Care Services, Springfield, Georgia, United States",https://ClinicalTrials.gov/show/NCT03447119
69,Gemcabene for the Treatment of Pediatric NAFLD,Non-Alcoholic Fatty Liver Disease,"Emory University|Gemphire Therapeutics, Inc.","March 29, 2018","Children's Healthcare of Atlanta / Emory University, Atlanta, Georgia, United States",https://ClinicalTrials.gov/show/NCT03436420
70,Gabapentin Premedication for ACL Reconstruction: RCT,Anterior Cruciate Ligament (ACL) Reconstruction,Children's Healthcare of Atlanta,"October 9, 2015","Children's Healthcare of Atlanta, Atlanta, Georgia, United States",https://ClinicalTrials.gov/show/NCT03417479
71,Exercise is Medicine at Emory Seavey Internal Medicine Clinic,Physical Activity,Emory University,"August 20, 2018","Paul W. Seavey Internal Medicine Clinic, Atlanta, Georgia, United States",https://ClinicalTrials.gov/show/NCT03416634
72,Paravertebral Nerve Blocks in Neonates,Congenital Heart Disease,Emory University,"July 18, 2018","Children's Healtcare of Atlanta, Atlanta, Georgia, United States",https://ClinicalTrials.gov/show/NCT03408340
74,ULTRAsound-assisted Catheter vs. STAndaRd Catheter Thrombolysis for Submassive Pulmonary Embolism,Submassive Pulmonary Embolism,Piedmont Healthcare,"December 6, 2017","Piedmont Healthcare, Atlanta, Georgia, United States",https://ClinicalTrials.gov/show/NCT03389971
76,CBT for African Americans With Cognitive Impairment,Alzheimer Disease,Emory University|Alzheimer's Association,"January 10, 2018","Emory Clinic, Atlanta, Georgia, United States",https://ClinicalTrials.gov/show/NCT03384069
77,iEAT 2.0 Open Trial,Gastrointestinal Disorders,Emory University,"November 29, 2017","Children's Healthcare of Atlanta, Atlanta, Georgia, United States",https://ClinicalTrials.gov/show/NCT03383029
79,Exercise and RP (AVAMC and Emory),Retinitis Pigmentosa,Emory University,"February 23, 2018","Emory Clinic, Atlanta VA Medical Center, Atlanta, Georgia, United States",https://ClinicalTrials.gov/show/NCT03381235
80,VX15/2503 and Immunotherapy in Resectable Pancreatic and Colorectal Cancer,Colon Carcinoma Metastatic in the Liver|Colorectal Adenocarcinoma|Pancreatic Adenocarcinoma|Resectable Pancreatic Carcinoma|Stage I Pancreatic Cancer|Stage IA Pancreatic Cancer|Stage IB Pancreatic Cancer|Stage II Pancreatic Cancer|Stage IIA Pancreatic Cancer|Stage IIB Pancreatic Cancer|Stage III Pancreatic Cancer|Stage IV Colorectal Cancer|Stage IVA Colorectal Cancer|Stage IVB Colorectal Cancer,Emory University|Vaccinex Inc.,"December 15, 2017","Emory University Hospital/Winship Cancer Institute, Atlanta, Georgia, United States",https://ClinicalTrials.gov/show/NCT03373188
81,Exercise Effects on Word Learning,Aging|Aphasia,VA Office of Research and Development,"December 9, 2016","Atlanta VA Medical and Rehab Center, Decatur, GA, Decatur, Georgia, United States",https://ClinicalTrials.gov/show/NCT03370471
83,HGNS on Cardiovascular Outcomes,Obstructive Sleep Apnea,Emory University|American Heart Association|American Academy of Sleep Medicine,"December 13, 2017","Raj C. Dedhia, Atlanta, Georgia, United States",https://ClinicalTrials.gov/show/NCT03359096
84,IAI for Persistent DME After Treatment With Bevacizumab And Ranibizumab,Diabetic Macular Edema,"Southeast Retina Center, Georgia",June 2015,"Southeast Retina Center, Augusta, Georgia, United States",https://ClinicalTrials.gov/show/NCT03340610
85,Longitudinal Assessment of Exercise Capacity and Vascular Function in Patients With CF,Cystic Fibrosis,Augusta University|Vertex Pharmaceuticals Incorporated,May 2014,"Georgia Prevention Institute, Augusta, Georgia, United States",https://ClinicalTrials.gov/show/NCT03338595
86,AflacLL1602 ENCERT,Lymphoblastic Leukemia|Lymphoblastic Lymphoma,Emory University,"July 24, 2018","Children's Healthcare of Atlanta, Atlanta, Georgia, United States",https://ClinicalTrials.gov/show/NCT03328104
87,Neostigmine For Snoring During DISE,Snoring,Emory University,"November 14, 2017","Raj C. Dedhia, Atlanta, Georgia, United States",https://ClinicalTrials.gov/show/NCT03316963
88,Two-Phased Study of SPIRIT in Mild AD,Alzheimer Disease and Related Dementias,Emory University|National Institute on Aging (NIA),"May 4, 2018","Emory Brain Health Center, Atlanta, Georgia, United States",https://ClinicalTrials.gov/show/NCT03311711
89,Vitamin K to Slow Progression of Cardiovascular Disease Risk in Hemodialysis Patients,Cardiovascular Diseases|Chronic Kidney Disease Stage 3|Chronic Kidney Disease Stage 4|Chronic Kidney Disease Stage 5|Vitamin K Deficiency|Hemodialysis,Augusta University,"September 13, 2017","Augusta University, Augusta, Georgia, United States",https://ClinicalTrials.gov/show/NCT03311321
90,Thyroid Ultrasound Elasticity (TrUE) Imaging,"Cancer, Thyroid",Emory University,"October 23, 2017","Emory Univeristy Hospital Midtown, Atlanta, Georgia, United States",https://ClinicalTrials.gov/show/NCT03307694
91,Promoting Transactional Supports to Optimize Social Communication Outcomes for Infants and Their Families,Autism Spectrum Disorder,Emory University,"February 1, 2018","Marcus Autism Center, Atlanta, Georgia, United States",https://ClinicalTrials.gov/show/NCT03307057
92,Granulocyte-Macrophage Stimulating Factor (GM-CSF) in Peripheral Arterial Disease,Peripheral Artery Disease (PAD),"Emory University|National Heart, Lung, and Blood Institute (NHLBI)","December 19, 2017","Emory University Hospital, Atlanta, Georgia, United States",https://ClinicalTrials.gov/show/NCT03304821
96,Correlation of CO2 Measured by Blood Gas vs Transcutaneous Monitor,Respiratory Complication,Memorial Health University Medical Center,"August 29, 2017","Memorial University Medical Center, Savannah, Georgia, United States",https://ClinicalTrials.gov/show/NCT03268395
98,Pembrolizumab and Radiation Therapy in Patients With Relapsed or Refractory Multiple Myeloma,ISS Stage I Plasma Cell Myeloma|ISS Stage II Plasma Cell Myeloma|ISS Stage III Plasma Cell Myeloma|Recurrent Plasma Cell Myeloma|Refractory Plasma Cell Myeloma,Emory University|Merck Sharp & Dohme Corp.,"May 29, 2018","Emory University/Winship Cancer Institute, Atlanta, Georgia, United States",https://ClinicalTrials.gov/show/NCT03267888
99,Pembrolizumab + Idelalisib for Lung Cancer Study,Non Small Cell Lung Cancer|Metastasis|Recurrence,Zhonglin Hao|Merck Sharp & Dohme Corp.|Gilead Sciences|Augusta University,"September 26, 2017","Georgia Cancer Center at Augusta University, Augusta, Georgia, United States",https://ClinicalTrials.gov/show/NCT03257722
100,Safety and Efficacy of Propranolol in the Treatment of Tardive Dyskinesia,Tardive Dyskinesia,Emory University|Atlanta Clinical and Translational Science Institute,"September 18, 2017","Emory Clinic, Executive Park, Atlanta, Georgia, United States",https://ClinicalTrials.gov/show/NCT03254186
101,Immunologic Responses to a Live Attenuated Oral Cholera Vaccine,Cholera,Emory University,"August 29, 2017","The Hope Clinic of Emory University, Atlanta, Georgia, United States",https://ClinicalTrials.gov/show/NCT03251495
102,App Reminder on ASA Adherence,Thromboembolic Event,Emory University|National Association of Orthopedic Nurses,"October 3, 2017","Emory Orthopedic and Spine Hospital, Atlanta, Georgia, United States",https://ClinicalTrials.gov/show/NCT03244267
103,Spinal Cord Stimulation to Augment Activity Based Therapy,Spinal Cord Stimulation|Walking|Spasticity|Human|Spinal Cord Injuries,"Shepherd Center, Atlanta GA|Foundation Wings For Life","July 1, 2017","Shepherd Center, Inc., Atlanta, Georgia, United States",https://ClinicalTrials.gov/show/NCT03240601
104,Enhancing Corticospinal Activation for Improved Walking Function,Spinal Cord Injuries,"Shepherd Center, Atlanta GA|National Institute on Disability, Independent Living, and Rehabilitation Research","March 1, 2017","Shepherd Center, Inc., Atlanta, Georgia, United States",https://ClinicalTrials.gov/show/NCT03237234
105,Enhancing Corticospinal Excitability to Improve Functional Recovery,Spinal Cord Injuries|Tetraplegia,"Shepherd Center, Atlanta GA|The Craig H. Neilsen Foundation","May 3, 2018","Shepherd Center, Atlanta, Georgia, United States",https://ClinicalTrials.gov/show/NCT03237091
107,A Randomized Study to Evaluate the Efficacy of InsulclockÂ® in Patients With Uncontrolled Type 2 Diabetes,Diabetes,Emory University|Insulcoud S.L.,"November 29, 2017","Emory Clinic, Emory University Hospital (non-CRN), Emory University Hospital Clinical Research Network, Emory University Hospital Midtown, Grady Health System (non-CRN), Atlanta, Georgia, United States",https://ClinicalTrials.gov/show/NCT03224234
108,Home Versus Office Biofeedback Therapy for Fecal Incontinence,Fecal Incontinence,Augusta University,October 2015,"Augusta University, Augusta, Georgia, United States",https://ClinicalTrials.gov/show/NCT03216291
110,Microneedle Patch Study in Healthy Infants/Young Children,Vaccination|Skin Absorption,Emory University|Micron Biomedical,"July 11, 2017","Emory Children's Center, Atlanta, Georgia, United States",https://ClinicalTrials.gov/show/NCT03207763
113,Encopresis & MIE (DoD #2),Encopresis|Autism Spectrum Disorder,Emory University|United States Department of Defense,"October 25, 2017","Marcus Autism Center, Atlanta, Georgia, United States",https://ClinicalTrials.gov/show/NCT03197922
115,"""Evaluation of MDMA on Startle Response",Startle Response,Multidisciplinary Association for Psychedelic Studies,"September 21, 2017","Emory University, Atlanta, Georgia, United States",https://ClinicalTrials.gov/show/NCT03181763
116,Dry Needling and Spinal Manipulation vs. Conventional PT for Lumbar Spinal Stenosis,Lumbar Spinal Stenosis,Alabama Physical Therapy & Acupuncture|Universidad Rey Juan Carlos,"March 15, 2017","Benchmark PT - Canton, Canton, Georgia, United States",https://ClinicalTrials.gov/show/NCT03167736
118,Glutathione (GSH) Supplementation After Hospitalization,Malnutrition,"Emory University|Your Energy Systems, LLC",September 2019,"Emory University Hospital Clinical Research Center, Atlanta, Georgia, United States",https://ClinicalTrials.gov/show/NCT03166371
120,SMS-Based Follow-Ups to Improve Post-Discharge Surgical Outcomes,Surgical Site Infection,Emory University,"June 9, 2017","Grady Health System, Atlanta, Georgia, United States",https://ClinicalTrials.gov/show/NCT03161262
123,Examination of Differential Valuation of Leisure Items and Attention as Reinforcers in Children With Autism,Autism,Emory University|National Institute of Mental Health (NIMH),"June 22, 2012","Marcus Autism Center, Atlanta, Georgia, United States",https://ClinicalTrials.gov/show/NCT03152383
125,Intranasal (NAS) Ketamine for Cancer Pain,Cancer|Pain,Emory University,"July 25, 2017","Winship Cancer Institute, Atlanta, Georgia, United States",https://ClinicalTrials.gov/show/NCT03146806
130,Overcoming Psychological Distress Through Hymns,Cancer,Emory University,"June 28, 2018","Grady Cancer Center for Excellence, Atlanta, Georgia, United States",https://ClinicalTrials.gov/show/NCT03082612
132,Evaluating Effectiveness of Powered Drill Bone Marrow Biopsy,Plasma Cell Myeloma,Emory University,"February 14, 2017","Emory University/Winship Cancer Institute, Atlanta, Georgia, United States",https://ClinicalTrials.gov/show/NCT03078452
133,Stroke COunseling for Risk REduction,Stroke,Georgia State University,"March 1, 2017","Georgia State University, Atlanta, Georgia, United States",https://ClinicalTrials.gov/show/NCT03076125
135,A Study of Pleiotropic Pioglitazone Effects on the Alcoholic Lung (APPEAL Study),Alcoholism,Emory University|National Institute on Alcohol Abuse and Alcoholism (NIAAA),"January 3, 2018","Atlanta VA Medical Center, Decatur, Georgia, United States",https://ClinicalTrials.gov/show/NCT03060772
138,Open Trial Obesity CHANGE Program ASD,Autism Spectrum Disorder|Obesity,Emory University,"October 6, 2017","Emory University, Atlanta, Georgia, United States",https://ClinicalTrials.gov/show/NCT03047018
139,Anti-LPS Antibody Treatment for Pediatric NAFLD,Nonalcoholic Fatty Liver Disease (NAFLD),"Miriam Vos, MD|Advanced MR Analytics AB|Immuron Ltd.|Emory University","February 1, 2017","Children's Healthcare of Atlanta, Atlanta, Georgia, United States",https://ClinicalTrials.gov/show/NCT03042767
140,"Delirium Prevention With Ketamine in Ear, Nose, and Throat (ENT) Patients",Otolaryngeal Cancer,Emory University,"March 17, 2017","Emory University Hospital Midtown, Atlanta, Georgia, United States",https://ClinicalTrials.gov/show/NCT03040024
143,"Testing Tele-Savvy, an On-line Psychoeducation Program for Dementia Family Caregivers",Alzheimer Disease|Dementia,Emory University|National Institute on Aging (NIA),"May 18, 2017","Emory University, Atlanta, Georgia, United States",https://ClinicalTrials.gov/show/NCT03033875
148,TMS for Suicidal Crisis in Active Duty SMs,Suicide|Suicidal Ideation|Suicidal Impulses|Suicidal Intention|Suicidal and Self-Injurious Behavior|Suicidal Depression,Eisenhower Army Medical Center|Congressionally Directed Medical Research Programs|Augusta University|The Geneva Foundation,"June 12, 2017","Eisenhower Army Medical Center, Augusta, Georgia, United States",https://ClinicalTrials.gov/show/NCT03014362
149,Comparing Mesenchymal Stem Cell Counts in Unilateral vs. Bilateral Posterior Superior Iliac Spine Bone Marrow Aspiration,Osteoarthritis,Emory University,"September 7, 2017","The Emory Clinic, Atlanta, Georgia, United States",https://ClinicalTrials.gov/show/NCT03014037
150,A Feasibility Study of N-acetylcysteine for Self-injurious Behavior in Children With Autism Spectrum Disorder,Autism Spectrum Disorder,Emory University,"July 5, 2018","Marcus Autism Center, Atlanta, Georgia, United States",https://ClinicalTrials.gov/show/NCT03008889
151,Feasibility Study: fMRI Evaluation of Auricular PENFS for Fibromyalgia,Fibromyalgia,VA Office of Research and Development,"June 1, 2017","Atlanta VA Medical and Rehab Center, Decatur, GA, Decatur, Georgia, United States",https://ClinicalTrials.gov/show/NCT03008837
152,Dynamics of Inflammation and Its Blockade on Motivational Circuitry in Depression,Depression,Emory University,August 2016,"Emory University, Atlanta, Georgia, United States",https://ClinicalTrials.gov/show/NCT03006393
153,Inflammation-Induced CNS Glutamate Changes in Depression,Depression,Emory University,"May 15, 2017","Emory University, Atlanta, Georgia, United States",https://ClinicalTrials.gov/show/NCT03004443
156,Closed Loop Vagal Nerve Stimulation for Patients With Posttraumatic Stress Disorder,PostTraumatic Stress Disorder,Emory University|Georgia Institute of Technology,"April 19, 2017","Emory University, Atlanta, Georgia, United States",https://ClinicalTrials.gov/show/NCT02992899
159,Endolaserless Vitrectomy With Intravitreal IAI for PDR-Related VH,Proliferative Diabetic Retinopathy,"Southeast Retina Center, Georgia",June 2016,"Southeast Retina Center, PC, Augusta, Georgia, United States",https://ClinicalTrials.gov/show/NCT02976012
160,Pembrolizumab in Patients With Locally Advanced or Metastatic Skin Cancer,Recurrent Skin Carcinoma|Skin Squamous Cell Carcinoma,Emory University|Merck Sharp & Dohme Corp.,"January 27, 2017","Emory University/Winship Cancer Institute, Atlanta, Georgia, United States",https://ClinicalTrials.gov/show/NCT02964559
161,Vitamin K to Slow Progression of Dyslipidemia and Diabetes Risk (Vita-K 'n' Kids Study II),Obesity|Insulin Resistance|Obesity in Diabetes|Nutritional and Metabolic Diseases|Hyperlipidemia|Hyperglycemia|Cardiovascular Diseases,Augusta University,October 2016,"Medical College of Georgia; Augusta University, Augusta, Georgia, United States",https://ClinicalTrials.gov/show/NCT02959762
165,Acupuncture for Postoperative Analgesia in Laparoscopic Surgery,Surgery,Emory University,September 2016,"Atlanta Veterans Affairs (VA) Medical Center, Atlanta, Georgia, United States",https://ClinicalTrials.gov/show/NCT02940288
167,FMT for MDRO Colonization After Infection in Renal Transplant Recipients,Infection Due to Resistant Organism,Emory University|Cepheid,"December 1, 2016","Emory University Hospital, Atlanta, Georgia, United States",https://ClinicalTrials.gov/show/NCT02922816
170,Adapting Project UPLIFT for Blacks in Georgia,Depressive Symptoms,Morehouse School of Medicine|Emory University,August 2016,"Demetrius Geiger, Atlanta, Georgia, United States",https://ClinicalTrials.gov/show/NCT02909387
171,Palbociclib With Cisplatin or Carboplatin in Advanced Solid Tumors,Solid Neoplasm|Stage III Pancreatic Cancer|Stage IIIA Breast Cancer|Stage IIIA Non-Small Cell Lung Cancer|Stage IIIB Breast Cancer|Stage IIIB Non-Small Cell Lung Cancer|Stage IIIC Breast Cancer|Stage IV Breast Cancer|Stage IV Non-Small Cell Lung Cancer|Stage IVA Pancreatic Cancer|Stage IVB Pancreatic Cancer|Sarcoma|Colorectal Cancer|Head and Neck Cancer|Cancer of Unknown Primary|Bladder Cancer|Ovarian Cancer,Emory University|Pfizer,October 2016,"Emory University/Winship Cancer Institute, Atlanta, Georgia, United States",https://ClinicalTrials.gov/show/NCT02897375
179,Tocilizumab in Schizophrenia,Schizophrenia|Psychotic Disorders,Brian Miller|Brain & Behavior Research Foundation|Augusta University,September 2016,"Augusta University, Augusta, Georgia, United States",https://ClinicalTrials.gov/show/NCT02874573
184,Pembrolizumab + Poly-ICLC in MRP Colon Cancer,Metastatic Colon Cancer|Solid Tumor,"Asha Nayak|Oncovir, Inc.|Merck Sharp & Dohme Corp.|Augusta University","January 10, 2018","Georgia Cancer Center at Augusta University, Augusta, Georgia, United States",https://ClinicalTrials.gov/show/NCT02834052
191,Siltuximab in Schizophrenia,Schizophrenia|Psychotic Disorders,Brian Miller|Stanley Medical Research Institute|Augusta University,May 2016,"Augusta University, Augusta, Georgia, United States",https://ClinicalTrials.gov/show/NCT02796859
193,Smartphone Delivered In-home Cardiopulmonary Rehabilitation,Cardiovascular Disease|Coronary Artery Disease,Emory University|Atlanta VA Medical Center,May 2016,"Atlanta VA Medical Center, Atlanta, Georgia, United States",https://ClinicalTrials.gov/show/NCT02791685
194,Aerobic Exercise and Cognitive Training in Older Adults,Sedentary Lifestyle,VA Office of Research and Development,"February 1, 2013","Atlanta VA Medical and Rehab Center, Decatur, GA, Decatur, Georgia, United States",https://ClinicalTrials.gov/show/NCT02787655
196,Long Term Nitric Oxide Bioavailability on Vascular Health in Chronic Obstructive Pulmonary Disease,Chronic Obstructive Pulmonary Disease (COPD),Augusta University,September 2015,"Georgia Prevention Institute, Augusta, Georgia, United States",https://ClinicalTrials.gov/show/NCT02774226
199,Transfusion of Biotinylated Red Blood Cells,Anemia,Emory University,April 2016,"Emory University, Atlanta, Georgia, United States",https://ClinicalTrials.gov/show/NCT02757898
200,Transplantation Using Reduced Intensity Approach for Patients With Sickle Cell Disease From Mismatched Family Donors of Bone Marrow,Sickle Cell Disease,Emory University,April 2016,"Children's Healthcare of Atlanta, Atlanta, Georgia, United States",https://ClinicalTrials.gov/show/NCT02757885
202,Defining a PD-specific Breath Fingerprint of Underlying Inflammatory and Neurodegenerative Processes,Parkinson's Disease,Emory University|Michael J. Fox Foundation for Parkinson's Research,February 2016,"The Emory Clinic Executive Park, Atlanta, Georgia, United States",https://ClinicalTrials.gov/show/NCT02749214
204,Pioglitazone and Tyrosine Kinase Inhibitor in Treating Patients With Relapsed Chronic Myeloid Leukemia,"Chronic Myelogenous Leukemia, BCR-ABL1 Positive|Recurrent Chronic Myelogenous Leukemia, BCR-ABL1 Positive",Emory University,May 2016,"Emory University/Winship Cancer Institute, Atlanta, Georgia, United States",https://ClinicalTrials.gov/show/NCT02730195
207,The Role of Endothelin-1 in Sickle Cell Disease,Sickle Cell Anemia,"Augusta University|Gilead Sciences|National Heart, Lung, and Blood Institute (NHLBI)",September 2015,"Augusta University, Augusta, Georgia, United States",https://ClinicalTrials.gov/show/NCT02712346
209,"Dasatinib or Nilotinib Followed by Imatinib in Patients With Newly Diagnosed, Chronic Phase Chronic Myeloid Leukemia",Chronic Myelogenous Leukemia|Chronic Myeloid Leukemia|Leukemia,Emory University,October 2016,"Emory University/Winship Cancer Institute, Atlanta, Georgia, United States",https://ClinicalTrials.gov/show/NCT02709083
211,Evaluation of a CarePartner-Integrated Telehealth Rehabilitation Program for Persons With Stroke,Stroke,Emory University,January 2016,"Emory University Hospital, Atlanta, Georgia, United States",https://ClinicalTrials.gov/show/NCT02703532
215,Vibration Training for Preventing Falls in Healthy Population and Multiple Sclerosis,Falls Prevention,Georgia State University,April 2015,"Georgia State University, Atlanta, Georgia, United States",https://ClinicalTrials.gov/show/NCT02694666
217,Mechanisms for Vascular Dysfunction and Exercise Tolerance in CF,Cystic Fibrosis,Augusta University,April 2015,"Georgia Prevention Institute, Augusta, Georgia, United States",https://ClinicalTrials.gov/show/NCT02690064
221,Effects of Dry Needling Using Spinal and Peripheral Sites Versus Peripheral Sites Only,Plantar Fasciitis|Achilles Tendinitis|Patellofemoral Pain Syndrome,Emory University,"October 27, 2017","The Emory Clinic, Atlanta, Georgia, United States",https://ClinicalTrials.gov/show/NCT02646579
226,Canagliflozin-Mealtime Insulin Rescue,"Diabetes Mellitus, Type 2","Atlanta Research and Education Foundation|Janssen Scientific Affairs, LLC",April 2016,"Atlanta VA Medical Center, Decatur, Georgia, United States",https://ClinicalTrials.gov/show/NCT02624908
227,The Use of Ambulatory Blood Pressure Monitors to Assess Angiotensin Converting Enzyme Inhibitors,"Hypertension, Resistant to Conventional Therapy",Memorial Health University Medical Center,November 2015,"Memorial Family Medicine Center, Savannah, Georgia, United States",https://ClinicalTrials.gov/show/NCT02623036
231,Conditioning Neural Circuits to Improve Upper Extremity Function,Spinal Cord Injury|Tetraplegia,"Shepherd Center, Atlanta GA|United States Department of Defense",January 2017,"Shepherd Center, Inc., Atlanta, Georgia, United States",https://ClinicalTrials.gov/show/NCT02611375
234,Suicidal Behavior in Patients Diagnosed With Bipolar Disorder,Depression|Alcoholism|Drug Abuse,Emory University,January 2016,"Grady Health System, Atlanta, Georgia, United States",https://ClinicalTrials.gov/show/NCT02604277
236,Low Pulse Amplitude Focal ECT (LAP Study),Depression,Augusta University,March 2015,"Medical Colleage of Georgia, Augusta University, Evans, Georgia, United States",https://ClinicalTrials.gov/show/NCT02583490
237,RIC Transplant Using Haplo Donors,Chronic Myelogenous Leukemia|Acute Myelogenous Leukemia|Myelodysplastic Syndrome|Acute Lymphocytic Leukemia|Chronic Lymphocytic Leukemia|Hodgkin's Lymphoma|Non-Hodgkin's Lymphoma|Myelofibrosis|CMML|Multiple Myeloma,"Northside Hospital, Inc.|Blood and Marrow Transplant Group of Georgia",November 2015,"Northside Hospital, Atlanta, Georgia, United States",https://ClinicalTrials.gov/show/NCT02581007
241,Human Milk for Congenital Gastrointestinal Disorders,Congenital Gastrointestinal Disorders,Emory University|Chatham Valley Foundation|Prolacta Bioscience,"July 26, 2018","Children's Healthcare of Atlanta-Egleston, Atlanta, Georgia, United States",https://ClinicalTrials.gov/show/NCT02567292
243,Premotor Cortex: A New Target for Stroke Motor Rehabilitation,Stroke,Emory University|American Heart Association,September 2015,"Emory University, Atlanta, Georgia, United States",https://ClinicalTrials.gov/show/NCT02565199
244,Role of Sympathetic Overactivity and Angiotensin II in PTSD and CV,"Stress Disorders, Post-Traumatic",Emory University|American Heart Association,October 2015,"Atlanta VA Medical Center, Decatur, Georgia, United States",https://ClinicalTrials.gov/show/NCT02560805
248,Inflammation-related Alterations in Neurocircuitry: Reversal With Levodopa,Depression,Emory University|National Institute of Mental Health (NIMH),July 2015,"Emory University Hospital, Atlanta, Georgia, United States",https://ClinicalTrials.gov/show/NCT02513485
249,Analysis of Bone Marrow and Blood B Cell Immune Responses to Influenza Vaccination,Influenza,National Institute of Allergy and Infectious Diseases (NIAID),"December 23, 2015","Emory Clinic - Winship Cancer Institute, Atlanta, Georgia, United States",https://ClinicalTrials.gov/show/NCT02485639
250,Direct Instruction Language for Learning in Autism Spectrum Disorder,Autism Spectrum Disorder|Moderate Language Delay,Emory University,October 2015,"Marcus Autism Center - Children's Healthcare of Atlanta, Atlanta, Georgia, United States",https://ClinicalTrials.gov/show/NCT02483910
253,Health Evaluation in African Americans Using RAS Therapy,Alzheimer's Disease,Emory University,April 2015,"Emory University, Atlanta, Georgia, United States",https://ClinicalTrials.gov/show/NCT02471833
258,Motor Training in PD,Parkinson Disease,VA Office of Research and Development,"November 3, 2014","Atlanta VA Medical and Rehab Center, Decatur, GA, Decatur, Georgia, United States",https://ClinicalTrials.gov/show/NCT02457832
260,Characterization of 3q29 Deletion Syndrome and 3q29 Duplication Syndrome,Microdeletion 3q29 Syndrome|Microduplication 3q29 Syndrome,Emory University,July 2013,"Internet-Based, Atlanta, Georgia, United States",https://ClinicalTrials.gov/show/NCT02447861
262,Effects of an Immunosuppressant Mycophenolate Mofetil or MMF on the Urinary Sodium Excretion Response to Mental Stress,"Psychological Stress|Hypertension, Renal",Augusta University,April 2014,"Augusta University, Augusta, Georgia, United States",https://ClinicalTrials.gov/show/NCT02432339
263,Effectiveness of Prazosin on the Urinary Sodium Excretion Response to Mental Stress,"Hypertension|Stress, Psychological|Blood Pressure",Augusta University|The University of Texas at Arlington,April 2015,"Augusta University, Augusta, Georgia, United States",https://ClinicalTrials.gov/show/NCT02431936
268,High Dose Chemotherapy Using BeEAM for Autologous Transplant in Multiple Myeloma,Multiple Myeloma,"Northside Hospital, Inc.|Teva Pharmaceuticals USA",April 2015,"Blood and Marrow Transplant Group of Georgia, Atlanta, Georgia, United States",https://ClinicalTrials.gov/show/NCT02416206
270,Sympatholysis in Chronic Kidney Disease,Chronic Kidney Disease,Emory University,May 2015,"Atlanta VA Medical Center, Decatur, Georgia, United States",https://ClinicalTrials.gov/show/NCT02411773
276,Simvastatin With Topotecan and Cyclophosphamide in Relapsed and/or Refractory Pediatric Solid and CNS Tumors,Retinoblastoma|Clear Cell Sarcoma|Renal Cell Carcinoma|Rhabdoid Tumor|Wilms Tumor|Hepatoblastoma|Neuroblastoma|Germ Cell Tumors|Ewings Sarcoma|Non-rhabdomyosarcoma Soft Tissue Sarcoma|Osteosarcoma|Rhabdomyosarcoma,Emory University|Children's Healthcare of Atlanta,February 2015,"Children's Healthcare of Atlanta/Emory University, Atlanta, Georgia, United States",https://ClinicalTrials.gov/show/NCT02390843
277,Effectiveness of Avapro in Obese Normotensive/Hypertensive African Americans,"Hypertension|Obesity|Stress, Psychological|Blood Pressure",Augusta University,September 2014,"Augusta University, Augusta, Georgia, United States",https://ClinicalTrials.gov/show/NCT02386293
278,Evaluation of Human Immune Responses to Influenza Virus Vaccination in Healthy Volunteers,Influenza,National Institute of Allergy and Infectious Diseases (NIAID),"April 1, 2015","Emory University Hospital - W. Dean Warren General Clinical Research Center (GCRC), Atlanta, Georgia, United States",https://ClinicalTrials.gov/show/NCT02385123
287,Vitamin K and Glucose Metabolism in Adults at Risk for Diabetes (Vita-K 'n' Adults Study),Obesity|Insulin Resistance|Insulin Sensitivity|Beta-Cell Dysfunction|Prediabetes,Augusta University|University of Alabama at Birmingham|Yale University|Tufts University|Nattopharma ASA,February 2015,"Medical College of Georgia; Augusta University, Augusta, Georgia, United States",https://ClinicalTrials.gov/show/NCT02366481
288,BMT Auto MSCs GvHD Ph 1,Graft Versus Host Disease|Acute Graft Versus Host Disease|Chronic Graft Versus Host Disease,Emory University|CURE Foundation,January 2015,"Children's Healthcare of Atlanta/Emory University, Atlanta, Georgia, United States",https://ClinicalTrials.gov/show/NCT02359929
289,Role of Cardiometabolic Risk Factors in Childhood Bone Development,Obesity|Cardiovascular Disease|Type 2 Diabetes|Osteoporosis,Augusta University,December 2014,"Medical College of Georgia; Augusta University, Augusta, Georgia, United States",https://ClinicalTrials.gov/show/NCT02355717
290,Phase II Pegylated Interferon,Juvenile Pilocytic Astrocytomas|Optic Pathway Gliomas,"Emory University|CURE Childhood Cancer, Inc.",November 2014,"Children's Healthcare of Atlanta, Atlanta, Georgia, United States",https://ClinicalTrials.gov/show/NCT02343224
291,Dose-Response Effects of Whole Body Vibration on Spasticity and Walking in SCI,Spinal Cord Injury,"Shepherd Center, Atlanta GA|National Institutes of Health (NIH)",January 2015,"Shepherd Center, Inc., Atlanta, Georgia, United States",https://ClinicalTrials.gov/show/NCT02340910
306,Researching Alveolar Macrophage Improvements With Supplements in HIV,HIV-1 Infection,"Emory University|National Institutes of Health (NIH)|National Heart, Lung, and Blood Institute (NHLBI)",October 2014,"Ponce De Leon Center, Atlanta, Georgia, United States",https://ClinicalTrials.gov/show/NCT02264860
317,BioEnergetics and Metabolomics in Cystic Fibrosis,Cystic Fibrosis,Emory University|National Institute of Diabetes and Digestive and Kidney Diseases (NIDDK),September 2014,"Emory university Hospital, Atlanta, Georgia, United States",https://ClinicalTrials.gov/show/NCT02225899
318,Steroids in Total Knee Arthroplasty,Postoperative Pain|Inflammation|Osteoarthritis,Emory University,August 2014,"Emory Orthopedic and Spine Hospital, Tucker, Georgia, United States",https://ClinicalTrials.gov/show/NCT02219581
322,Redox Imbalance and the Development of Cystic Fibrosis Diabetes,"Diabetes Mellitus, Type 2|Cystic Fibrosis",Emory University|Cystic Fibrosis Foundation Therapeutics,November 2014,"Children's Healthcare of Atlanta and Emory University, Atlanta, Georgia, United States",https://ClinicalTrials.gov/show/NCT02202876
339,The ISLAND Study: InSuLa Assessed Needs for Depression,Depression,Emory University|National Institute of Mental Health (NIMH),September 2014,"12 Executive Park Drive, 3rd floor, Atlanta, Georgia, United States",https://ClinicalTrials.gov/show/NCT02137369
349,Endothelin Receptor Function and Acute Stress,Hypertension,"Augusta University|National Heart, Lung, and Blood Institute (NHLBI)",June 2015,"Georgia Regents University, Augusta, Georgia, United States",https://ClinicalTrials.gov/show/NCT02116335
350,Nitric Oxide Bioavailability and Early Life Stress (NO-Stress),Cardiovascular Disease,"Augusta University|National Heart, Lung, and Blood Institute (NHLBI)",April 2014,"Georgia Prevention Institute , Georgia Regents University, Augusta, Georgia, United States",https://ClinicalTrials.gov/show/NCT02115724
354,MOSTEGRA TRIAL:MO-(Dified) STE-(nt) GRA(-ft): Surgeon-modified Fenestrated-branched Stent-grafts,Complex Aortic Aneurysms,"Northside Hospital, Inc.",March 2012,"Northside Hospital, Atlanta, Georgia, United States",https://ClinicalTrials.gov/show/NCT02101463
356,Wall Shear Stress and Neointimal Healing Following PCI in Angulated Coronary Vessels,Coronary Artery Disease,Emory University|Medtronic,May 2014,"Emory University, Atlanta, Georgia, United States",https://ClinicalTrials.gov/show/NCT02098876
385,Changing Developmental Trajectories Through Early Treatment,Autism Spectrum Disorders,Emory University|National Institute of Mental Health (NIMH),May 2013,"Marcus Autism Center, Atlanta, Georgia, United States",https://ClinicalTrials.gov/show/NCT01985022
386,DBS for TRD Medtronic Activa PC+S,Treatment Resistant Depression,Emory University|Hope for Depression Research Foundation|The Dana Foundation,September 2013,"Emory University, Atlanta, Georgia, United States",https://ClinicalTrials.gov/show/NCT01984710
390,Vitamin K and Glucose Metabolism in Children at Risk for Diabetes (Vita-K 'n' Kids Study),Obesity|Insulin Resistance|Insulin Sensitivity|Prediabetes|Dyslipidemia|Diabetes,Augusta University|University of Alabama at Birmingham|Yale University|Tufts University|Nattopharma ASA,September 2013,"Medical College of Georgia; Augusta University, Augusta, Georgia, United States",https://ClinicalTrials.gov/show/NCT01972113
397,Adjuvant Radiation for High Risk Bladder Cancer,Bladder Cancer|Squamous Cell Carcinoma of the Bladder|Stage III Bladder Cancer|Stage IV Bladder Cancer|Transitional Cell Carcinoma of the Bladder,Emory University,July 2013,"Emory University Hospital/Winship Cancer Institute, Atlanta, Georgia, United States",https://ClinicalTrials.gov/show/NCT01954173
400,Mechanisms of Intradialytic Hypertension,Renal Failure Chronic Requiring Hemodialysis|Haemodialysis-induced Symptom|Hypertension,Emory University|Satellite Healthcare,September 2013,"Emory Dialysis Clinics, Atlanta, Georgia, United States",https://ClinicalTrials.gov/show/NCT01947673
409,BMT Abatacept for Non-Malignant Diseases,Hurler Syndrome|Fanconi Anemia|Glanzmann Thrombasthenia|Wiskott-Aldrich Syndrome|Chronic Granulomatous Disease|Severe Congenital Neutropenia|Leukocyte Adhesion Deficiency|Shwachman-Diamond Syndrome|Diamond-Blackfan Anemia|Dyskeratosis-congenita|Chediak-Higashi Syndrome|Severe Aplastic Anemia|Thalassemia Major|Hemophagocytic Lymphohistiocytosis|Sickle Cell Disease,Emory University,January 2014,"Children's Healthcare of Atlanta, Atlanta, Georgia, United States",https://ClinicalTrials.gov/show/NCT01917708
436,Effect of Increasing Motor Cortex Inhibition on Task Specific Dystonia,Dystonia,Emory University,February 2013,"Emory University School of Medicine, Atlanta, Georgia, United States",https://ClinicalTrials.gov/show/NCT01823237
437,DETECT and Retinal Outcomes in Hypertension,Hypertension|Retinal Disorder|Cognitive Impairment,Emory University,November 2012,"Grady Memorial Hospital, Atlanta, Georgia, United States",https://ClinicalTrials.gov/show/NCT01815567
453,The National Amyotrophic Lateral Sclerosis Registry,Amyotrophic Lateral Sclerosis,Centers for Disease Control and Prevention|VA Office of Research and Development|Centers for Medicare and Medicaid Services,October 2010,"CDC, Atlanta, Georgia, United States",https://ClinicalTrials.gov/show/NCT01772602
469,Hypofractionated Stereotactic Radiosurgery in Treating Patients With Large Brain Metastasis,"Metastatic Malignant Neoplasm to Brain|Unspecified Adult Solid Tumor, Protocol Specific",Emory University,September 2012,"Emory University Hospital/Winship Cancer Institute, Atlanta, Georgia, United States",https://ClinicalTrials.gov/show/NCT01705548
478,Stroke Gait Rehabilitation Using Functional Electrical Stimulation,Cerebrovascular Accident,Emory University|Eunice Kennedy Shriver National Institute of Child Health and Human Development (NICHD)|American Heart Association,August 2013,"Emory University, Atlanta, Georgia, United States",https://ClinicalTrials.gov/show/NCT01668602
492,Sympathetic Overactivity in Post-traumatic Stress Disorder,Post-traumatic Stress Disorder|Prehypertension,Emory University,July 2012,"Atlanta VA Medical Center, Decatur, Georgia, United States",https://ClinicalTrials.gov/show/NCT01627301
505,Anti-3-[18F]FACBC Imaging of Parathyroid Adenomas,Parathyroid Disease,"David M. Schuster, MD|Emory University",August 2012,"Emory University, Atlanta, Georgia, United States",https://ClinicalTrials.gov/show/NCT01574287
595,Immune Responses to Yellow Fever Vaccine,Yellow Fever Vaccine,Emory University|National Institutes of Health (NIH),November 2010,"The Hope clinic of Emory Vaccine Center, Decatur, Georgia, United States",https://ClinicalTrials.gov/show/NCT01244802
638,Safety and Effectiveness of Cord Blood Stem Cell Infusion for the Treatment of Cerebral Palsy in Children,Cerebral Palsy,Augusta University,January 2010,"Augusta University, Augusta, Georgia, United States",https://ClinicalTrials.gov/show/NCT01072370
712,Emory Latino Diabetes Education Program,Diabetes,Emory University|Sanofi|Eli Lilly and Company|Takeda|Novo Nordisk A/S,October 2008,"Emory University School of Medicine, Atlanta, Georgia, United States",https://ClinicalTrials.gov/show/NCT00793884
854,Cardiology Biobank Registry,Cardiovascular Disease,Emory University,December 2003,"Emory School Of Medicine, Atlanta, Georgia, United States",https://ClinicalTrials.gov/show/NCT00378924
859,Deep Brain Stimulation for Treatment Resistant Depression,Major Depressive Disorder,Emory University|The Dana Foundation,September 2006,"Emory University School of Medicine, Atlanta, Georgia, United States",https://ClinicalTrials.gov/show/NCT00367003
952,Molecular and Cellular Characterization of Cardiac Tissue in Postnatal Development,Congenital Heart Disease|Tetralogy of Fallot,"Emory University|National Heart, Lung, and Blood Institute (NHLBI)",April 2005,"Emory University School of Medicine, Atlanta, Georgia, United States",https://ClinicalTrials.gov/show/NCT00243776
